ATT-1789580080092-49,CSE2001,U005,2026-09-09,false,Interfaces & Polymorphism
ATT-1789580500999-7,CSE2001,U005,2026-09-09,false,Interfaces & Polymorphism
ATT-1-1,CSE2001,U004,2026-09-13,true,Unit 5 Theory
ATT-3-1,CSE2001,U004,2026-09-07,true,Unit 3 Theory
ATT-2-2,CSE2001,U005,2026-09-10,true,Unit 4 Theory
ATT-1-3,CSE2001,U006,2026-09-13,true,Unit 5 Theory
ATT-2-1,CSE2001,U004,2026-09-10,true,Unit 4 Theory
ATT-1-2,CSE2001,U005,2026-09-13,true,Unit 5 Theory
ATT-5-1,CSE2001,U004,2026-09-01,true,Unit 1 Theory
ATT-4-2,CSE2001,U005,2026-09-04,true,Unit 2 Theory
ATT-3-3,CSE2001,U006,2026-09-07,true,Unit 3 Theory
ATT-4-1,CSE2001,U004,2026-09-04,true,Unit 2 Theory
ATT-3-2,CSE2001,U005,2026-09-07,false,Unit 3 Theory
ATT-2-3,CSE2001,U006,2026-09-10,true,Unit 4 Theory
ATT-5-3,CSE2001,U006,2026-09-01,true,Unit 1 Theory
ATT-5-2,CSE2001,U005,2026-09-01,true,Unit 1 Theory
ATT-4-3,CSE2001,U006,2026-09-04,true,Unit 2 Theory
ATT-1789580080089-53,CSE2001,U005,2026-09-06,false,Abstract Classes
ATT-1789580500990-53,CSE2001,U005,2026-09-06,false,Abstract Classes
ATT-1789580500999-42,CSE2001,U005,2026-09-12,false,Generics
ATT-1789580080092-95,CSE2001,U005,2026-09-12,false,Generics
ATT-1789580080092-71,CSE2001,U005,2026-09-15,true,Java Streams
ATT-1789580501000-45,CSE2001,U005,2026-09-15,true,Java Streams
